username,pred
ΣΠΥΡΟΣ ΠΑΠΑΝΙΚΟΛΑΟΥ,1.8979084307222835
ΑΛΕΞΑΝΔΡΟΣ ΕΥΘΥΜΙΟΥ,0.07957977464067582
ΧΡΗΣΤΟΣ ΜΠΟΤΣΑΡΗΣ,0.08929317089871373
ΑΛΕΞΑΝΔΡΟΣ ΤΣΙΤΟΣ,1.0058162672888498
ΧΑΡΗΣ ΣΙΑΝΑΣ,1.0008536381156312
ΚΡΙΤΩΝΑΣ ΤΖΙΜΑΣ,1.8941730057412418
