username,pred
ΣΠΥΡΟΣ ΠΑΠΑΝΙΚΟΛΑΟΥ,1.145783880497651
ΑΛΕΞΑΝΔΡΟΣ ΕΥΘΥΜΙΟΥ,0.05039656864768416
ΧΡΗΣΤΟΣ ΜΠΟΤΣΑΡΗΣ,0.48601588753674363
ΑΛΕΞΑΝΔΡΟΣ ΤΣΙΤΟΣ,0.9393169784935369
ΧΑΡΗΣ ΣΙΑΝΑΣ,1.0347012249608927
ΚΡΙΤΩΝΑΣ ΤΖΙΜΑΣ,1.7289516443314805
