username,pred
ΣΠΥΡΟΣ ΠΑΠΑΝΙΚΟΛΑΟΥ,0.1506455574080796
ΑΛΕΞΑΝΔΡΟΣ ΕΥΘΥΜΙΟΥ,0.12482134139620571
ΧΡΗΣΤΟΣ ΜΠΟΤΣΑΡΗΣ,1.8283373404692451
ΑΛΕΞΑΝΔΡΟΣ ΤΣΙΤΟΣ,0.9807124320255176
ΧΑΡΗΣ ΣΙΑΝΑΣ,0.8767555464081602
ΚΡΙΤΩΝΑΣ ΤΖΙΜΑΣ,1.9158617516199032
