username,pred
ΣΠΥΡΟΣ ΠΑΠΑΝΙΚΟΛΑΟΥ,1.806729962691552
ΑΛΕΞΑΝΔΡΟΣ ΕΥΘΥΜΙΟΥ,0.1685417951207584
ΧΡΗΣΤΟΣ ΜΠΟΤΣΑΡΗΣ,0.32765684418739527
ΑΛΕΞΑΝΔΡΟΣ ΤΣΙΤΟΣ,1.3663880446320487
ΧΑΡΗΣ ΣΙΑΝΑΣ,0.6144392416520208
ΚΡΙΤΩΝΑΣ ΤΖΙΜΑΣ,1.8348102539062974
