username,pred
ΣΠΥΡΟΣ ΠΑΠΑΝΙΚΟΛΑΟΥ,1.4140838583254383
ΑΛΕΞΑΝΔΡΟΣ ΕΥΘΥΜΙΟΥ,0.22992961248625488
ΧΡΗΣΤΟΣ ΜΠΟΤΣΑΡΗΣ,0.7703180227726195
ΑΛΕΞΑΝΔΡΟΣ ΤΣΙΤΟΣ,1.69392473218358
ΧΑΡΗΣ ΣΙΑΝΑΣ,1.4656626941297213
ΚΡΙΤΩΝΑΣ ΤΖΙΜΑΣ,1.0938984750686755
