username,pred
ΣΠΥΡΟΣ ΠΑΠΑΝΙΚΟΛΑΟΥ,1.944997486447335
ΑΛΕΞΑΝΔΡΟΣ ΕΥΘΥΜΙΟΥ,0.10614835816205426
ΧΡΗΣΤΟΣ ΜΠΟΤΣΑΡΗΣ,-0.07050864429996784
ΑΛΕΞΑΝΔΡΟΣ ΤΣΙΤΟΣ,1.1067849312656346
ΧΑΡΗΣ ΣΙΑΝΑΣ,0.8143374646195014
ΚΡΙΤΩΝΑΣ ΤΖΙΜΑΣ,1.8721302244917677
