username,pred
ΣΠΥΡΟΣ ΠΑΠΑΝΙΚΟΛΑΟΥ,1.462943365785278
ΑΛΕΞΑΝΔΡΟΣ ΕΥΘΥΜΙΟΥ,0.12615794142265746
ΧΡΗΣΤΟΣ ΜΠΟΤΣΑΡΗΣ,0.3829875715239054
ΑΛΕΞΑΝΔΡΟΣ ΤΣΙΤΟΣ,1.3840198825774512
ΧΑΡΗΣ ΣΙΑΝΑΣ,1.3198606945608273
ΚΡΙΤΩΝΑΣ ΤΖΙΜΑΣ,1.3916278935978745
