username,pred
ΣΠΥΡΟΣ ΠΑΠΑΝΙΚΟΛΑΟΥ,1.0535301591166861
ΑΛΕΞΑΝΔΡΟΣ ΕΥΘΥΜΙΟΥ,-0.02011228512329255
ΧΡΗΣΤΟΣ ΜΠΟΤΣΑΡΗΣ,1.2246300006692343
ΑΛΕΞΑΝΔΡΟΣ ΤΣΙΤΟΣ,1.439385257291745
ΧΑΡΗΣ ΣΙΑΝΑΣ,0.7103663531377095
ΚΡΙΤΩΝΑΣ ΤΖΙΜΑΣ,1.0659734979533408
