username,pred
ΣΠΥΡΟΣ ΠΑΠΑΝΙΚΟΛΑΟΥ,1.236126885171184
ΑΛΕΞΑΝΔΡΟΣ ΕΥΘΥΜΙΟΥ,0.559104718620838
ΧΡΗΣΤΟΣ ΜΠΟΤΣΑΡΗΣ,-0.045848805735193565
ΑΛΕΞΑΝΔΡΟΣ ΤΣΙΤΟΣ,0.9876461887540957
ΧΑΡΗΣ ΣΙΑΝΑΣ,1.3744772416884647
ΚΡΙΤΩΝΑΣ ΤΖΙΜΑΣ,1.2621637102175913
