username,pred
ΣΠΥΡΟΣ ΠΑΠΑΝΙΚΟΛΑΟΥ,1.9242183684353131
ΑΛΕΞΑΝΔΡΟΣ ΕΥΘΥΜΙΟΥ,0.10390583077027427
ΧΡΗΣΤΟΣ ΜΠΟΤΣΑΡΗΣ,0.08780902086154785
ΑΛΕΞΑΝΔΡΟΣ ΤΣΙΤΟΣ,1.0684207079659218
ΧΑΡΗΣ ΣΙΑΝΑΣ,1.0520520043957964
ΚΡΙΤΩΝΑΣ ΤΖΙΜΑΣ,1.9144662513371062
