username,pred
ΣΠΥΡΟΣ ΠΑΠΑΝΙΚΟΛΑΟΥ,1.8210200378591936
ΑΛΕΞΑΝΔΡΟΣ ΕΥΘΥΜΙΟΥ,0.1310609013741334
ΧΡΗΣΤΟΣ ΜΠΟΤΣΑΡΗΣ,0.10512833851495285
ΑΛΕΞΑΝΔΡΟΣ ΤΣΙΤΟΣ,1.0536638705882448
ΧΑΡΗΣ ΣΙΑΝΑΣ,0.8682730025745763
ΚΡΙΤΩΝΑΣ ΤΖΙΜΑΣ,1.8629884643054626
