username,pred
ΣΠΥΡΟΣ ΠΑΠΑΝΙΚΟΛΑΟΥ,1.6349616936328013
ΑΛΕΞΑΝΔΡΟΣ ΕΥΘΥΜΙΟΥ,0.10777352492452952
ΧΡΗΣΤΟΣ ΜΠΟΤΣΑΡΗΣ,0.14666981031902016
ΑΛΕΞΑΝΔΡΟΣ ΤΣΙΤΟΣ,1.05314515737399
ΧΑΡΗΣ ΣΙΑΝΑΣ,1.0339399218220715
ΚΡΙΤΩΝΑΣ ΤΖΙΜΑΣ,1.7386730885334098
