username,pred
ΣΠΥΡΟΣ ΠΑΠΑΝΙΚΟΛΑΟΥ,1.8411981039885403
ΑΛΕΞΑΝΔΡΟΣ ΕΥΘΥΜΙΟΥ,0.10955603335957298
ΧΡΗΣΤΟΣ ΜΠΟΤΣΑΡΗΣ,0.014333840067226045
ΑΛΕΞΑΝΔΡΟΣ ΤΣΙΤΟΣ,0.9481520744507305
ΧΑΡΗΣ ΣΙΑΝΑΣ,1.089790274168478
ΚΡΙΤΩΝΑΣ ΤΖΙΜΑΣ,1.8504288843872998
