username,pred
ΣΠΥΡΟΣ ΠΑΠΑΝΙΚΟΛΑΟΥ,1.9147878535658927
ΑΛΕΞΑΝΔΡΟΣ ΕΥΘΥΜΙΟΥ,0.09490642692943385
ΧΡΗΣΤΟΣ ΜΠΟΤΣΑΡΗΣ,0.2586800341521843
ΑΛΕΞΑΝΔΡΟΣ ΤΣΙΤΟΣ,1.1395255302957534
ΧΑΡΗΣ ΣΙΑΝΑΣ,1.0214231311346655
ΚΡΙΤΩΝΑΣ ΤΖΙΜΑΣ,1.9331258781074894
