username,pred
ΚΩΣΤΑΣ ΣΠΥΡΙΚΟΣ,1.1842961022838903
ΙΩΑΝΝΗΣ ΜΠΟΤΣΑΡΗΣ,0.33375324172650767
ΑΛΕΞΑΝΔΡΟΣ ΘΕΙΑΚΟΣ,1.899697299634295
ΗΛΙΑΣ ΜΠΑΤΖΙΟΣ,0.5275607736083764
ΚΡΙΤΩΝΑΣ ΤΖΙΜΑΣ,1.8918503402022324
ΣΠΥΡΟΣ ΟΙΚΟΝΟΜΟΥ,0.04957531895867484
