username,ball_handling_in_motion_score
ΘΩΜΑΣ ΠΑΠΑΔΙΩΤΗΣ,0.7500748206636559
ΣΠΥΡΟΣ ΟΙΚΟΝΟΜΟΥ,0.04852181945750933
ΑΛΕΞΑΝΔΡΟΣ ΕΥΘΥΜΙΟΥ,0.12341835863473982
ΑΛΕΞΑΝΔΡΟΣ ΤΣΙΤΟΣ,1.0979016318705366
ΣΠΥΡΟΣ ΠΑΠΑΝΙΚΟΛΑΟΥ,1.9575834761567021
ΠΑΡΗΣ ΘΩΜΟΣ,1.8793256028034269
