username,rip_first_step_score
ΘΩΜΑΣ ΠΑΠΑΔΙΩΤΗΣ,1.025226326174566
ΣΠΥΡΟΣ ΟΙΚΟΝΟΜΟΥ,-0.09932456456561578
ΑΛΕΞΑΝΔΡΟΣ ΕΥΘΥΜΙΟΥ,-0.06188664772964536
ΑΛΕΞΑΝΔΡΟΣ ΤΣΙΤΟΣ,0.9375569867705794
ΣΠΥΡΟΣ ΠΑΠΑΝΙΚΟΛΑΟΥ,1.1182772110036812
ΠΑΡΗΣ ΘΩΜΟΣ,1.89917525381998
