username,static_ball_handling_score
ΘΩΜΑΣ ΠΑΠΑΔΙΩΤΗΣ,0.809635172848446
ΣΠΥΡΟΣ ΟΙΚΟΝΟΜΟΥ,0.42626595403287704
ΑΛΕΞΑΝΔΡΟΣ ΕΥΘΥΜΙΟΥ,0.16306910153045473
ΑΛΕΞΑΝΔΡΟΣ ΤΣΙΤΟΣ,1.343774618268077
ΣΠΥΡΟΣ ΠΑΠΑΝΙΚΟΛΑΟΥ,1.8973427690831035
ΠΑΡΗΣ ΘΩΜΟΣ,1.93018159443892
