username,help_and_recover_score
ΘΩΜΑΣ ΠΑΠΑΔΙΩΤΗΣ,0.894684597724805
ΣΠΥΡΟΣ ΟΙΚΟΝΟΜΟΥ,0.4993416000721056
ΑΛΕΞΑΝΔΡΟΣ ΕΥΘΥΜΙΟΥ,0.5563536835045488
ΑΛΕΞΑΝΔΡΟΣ ΤΣΙΤΟΣ,0.8973834165520751
ΣΠΥΡΟΣ ΠΑΠΑΝΙΚΟΛΑΟΥ,1.1249843693937627
ΠΑΡΗΣ ΘΩΜΟΣ,1.4001373604934324
