username,active_hands_score
ΘΩΜΑΣ ΠΑΠΑΔΙΩΤΗΣ,1.0468408246834593
ΣΠΥΡΟΣ ΟΙΚΟΝΟΜΟΥ,0.3075942173351254
ΑΛΕΞΑΝΔΡΟΣ ΕΥΘΥΜΙΟΥ,0.34762702610321794
ΑΛΕΞΑΝΔΡΟΣ ΤΣΙΤΟΣ,1.0663540635536362
ΣΠΥΡΟΣ ΠΑΠΑΝΙΚΟΛΑΟΥ,0.4786516414116373
ΠΑΡΗΣ ΘΩΜΟΣ,1.451552946886323
