username,quick_feet_score
ΘΩΜΑΣ ΠΑΠΑΔΙΩΤΗΣ,0.7847962480499069
ΣΠΥΡΟΣ ΟΙΚΟΝΟΜΟΥ,0.28872638461189926
ΑΛΕΞΑΝΔΡΟΣ ΕΥΘΥΜΙΟΥ,0.36422949226921286
ΑΛΕΞΑΝΔΡΟΣ ΤΣΙΤΟΣ,1.5477287109663145
ΣΠΥΡΟΣ ΠΑΠΑΝΙΚΟΛΑΟΥ,1.2825391898074097
ΠΑΡΗΣ ΘΩΜΟΣ,1.5324883173915884
