username,footwork_score
ΘΩΜΑΣ ΠΑΠΑΔΙΩΤΗΣ,0.7637999745309001
ΣΠΥΡΟΣ ΟΙΚΟΝΟΜΟΥ,0.08034441027129158
ΑΛΕΞΑΝΔΡΟΣ ΕΥΘΥΜΙΟΥ,0.09115609943038094
ΑΛΕΞΑΝΔΡΟΣ ΤΣΙΤΟΣ,1.38288491687474
ΣΠΥΡΟΣ ΠΑΠΑΝΙΚΟΛΑΟΥ,1.3899996548060487
ΠΑΡΗΣ ΘΩΜΟΣ,1.5873806061173708
