username,kick_slide_run_defense_score
ΘΩΜΑΣ ΠΑΠΑΔΙΩΤΗΣ,1.5130895611076705
ΣΠΥΡΟΣ ΟΙΚΟΝΟΜΟΥ,0.16273541547609316
ΑΛΕΞΑΝΔΡΟΣ ΕΥΘΥΜΙΟΥ,0.01780772776374595
ΑΛΕΞΑΝΔΡΟΣ ΤΣΙΤΟΣ,1.4626446382607394
ΣΠΥΡΟΣ ΠΑΠΑΝΙΚΟΛΑΟΥ,1.0952949922506998
ΠΑΡΗΣ ΘΩΜΟΣ,1.2429635565334296
