username,pred
ΣΠΥΡΟΣ ΟΙΚΟΝΟΜΟΥ,0.0755174541880066
ΔΗΜΗΤΡΗΣ ΔΕΡΤΙΜΑΝΗΣ,0.9518977859513851
ΘΟΔΩΡΗΣ ΤΣΙΡΩΝΗΣ,1.9117627851434538
ΝΙΚΟΣ ΠΑΠΑΔΟΠΟΥΛΟΣ,1.9186653561250817
ΒΑΣΙΛΗΣ ΜΠΟΤΣΑΡΗΣ,0.9568012937969808
ΧΡΗΣΤΟΣ ΜΠΟΤΣΑΡΗΣ,0.38762333348135347
